,accuracy,f1_macro
MultinomialNB,0.8780053428317008,0.8777921830540037
KNN (k=5),0.2377560106856634,0.1979861310282016
DecisionTree,0.572573463935886,0.6014437901408344
LogisticRegression,0.8673196794300979,0.8671932762577392
